epoch,time,train/box_loss,train/cls_loss,train/dfl_loss,metrics/precision(B),metrics/recall(B),metrics/mAP50(B),metrics/mAP50-95(B),val/box_loss,val/cls_loss,val/dfl_loss,lr/pg0,lr/pg1,lr/pg2
1,44.4386,1.99331,5.63031,1.95744,0.0003,0.07502,0.0003,9e-05,2.52539,inf,4.62731,0.0702655,0.00330383,0.00330383
2,71.8345,1.90521,2.4241,2.02673,0.02152,0.45851,0.01803,0.00699,2.13275,24.0545,2.92769,0.0401341,0.00650575,0.00650575
3,98.9974,1.71119,2.14785,1.8984,0.28583,0.31852,0.21372,0.1118,1.74616,9.47806,2.33215,0.00987065,0.00957567,0.00957567
4,125.008,1.71978,1.8932,1.86183,0.39704,0.56585,0.37377,0.1848,1.69718,2.20296,2.26156,0.009406,0.009406,0.009406
5,151.034,1.60597,1.84012,1.7521,0.01576,0.06289,0.0135,0.00697,3.16432,5.34793,3.98499,0.009208,0.009208,0.009208
6,176.755,1.57677,1.78238,1.71291,0.36144,0.37888,0.26605,0.14402,1.89321,2.91446,2.34528,0.00901,0.00901,0.00901
7,202.715,1.5333,1.81912,1.75421,0.37241,0.43658,0.30842,0.16186,1.7106,2.12231,2.14633,0.008812,0.008812,0.008812
8,228.735,1.50324,1.75393,1.69397,0.42576,0.61674,0.41454,0.25166,1.39812,1.66989,1.79889,0.008614,0.008614,0.008614
9,254.847,1.47971,1.69321,1.71413,0.38073,0.28522,0.19785,0.11423,2.10666,3.35589,2.46789,0.008416,0.008416,0.008416
10,280.656,1.44783,1.5839,1.5992,0.39381,0.618,0.39593,0.24359,1.45489,1.7396,1.89283,0.008218,0.008218,0.008218
11,306.6,1.48675,1.6582,1.63326,0.41958,0.71004,0.43384,0.27225,1.36399,1.97044,1.77369,0.00802,0.00802,0.00802
12,332.679,1.44246,1.5945,1.64253,0.44182,0.63572,0.42476,0.2709,1.30225,1.57349,1.71012,0.007822,0.007822,0.007822
13,358.539,1.34896,1.52716,1.58364,0.4359,0.69358,0.45235,0.29649,1.31179,1.50074,1.72617,0.007624,0.007624,0.007624
14,384.8,1.3593,1.53715,1.60111,0.43905,0.61748,0.39588,0.24427,1.44681,1.879,1.86412,0.007426,0.007426,0.007426
15,410.752,1.34095,1.47256,1.53558,0.44591,0.76258,0.45568,0.28385,1.31834,1.52655,1.71878,0.007228,0.007228,0.007228
16,436.724,1.30578,1.47334,1.54595,0.44441,0.76037,0.46311,0.30395,1.24501,1.40897,1.67972,0.00703,0.00703,0.00703
17,462.758,1.30824,1.40783,1.52155,0.4565,0.72284,0.47391,0.30142,1.33422,1.49721,1.74302,0.006832,0.006832,0.006832
18,488.75,1.29243,1.43632,1.55001,0.46054,0.71116,0.45922,0.30317,1.27363,1.5255,1.64858,0.006634,0.006634,0.006634
19,514.685,1.31409,1.42487,1.53193,0.42631,0.78024,0.44113,0.27629,1.3207,1.53895,1.70795,0.006436,0.006436,0.006436
20,540.541,1.24683,1.36528,1.48526,0.47793,0.76921,0.46724,0.32459,1.21145,1.39303,1.60583,0.006238,0.006238,0.006238
21,566.89,1.21097,1.36353,1.43354,0.43698,0.77007,0.47392,0.30238,1.3195,1.38978,1.70942,0.00604,0.00604,0.00604
22,593.173,1.33963,1.40717,1.53219,0.44098,0.77635,0.47581,0.31222,1.23186,1.46233,1.67855,0.005842,0.005842,0.005842
23,620.292,1.2539,1.44868,1.46482,0.4283,0.76761,0.46993,0.3076,1.25086,1.44293,1.62538,0.005644,0.005644,0.005644
24,647.045,1.23828,1.35314,1.45289,0.46563,0.80425,0.48876,0.33108,1.15624,1.32674,1.53926,0.005446,0.005446,0.005446
25,673.498,1.16835,1.31047,1.39802,0.45907,0.79579,0.46588,0.32547,1.14214,1.33871,1.539,0.005248,0.005248,0.005248
26,699.296,1.25823,1.33627,1.46636,0.45424,0.73489,0.4525,0.29584,1.25957,1.41018,1.63846,0.00505,0.00505,0.00505
27,725.131,1.23013,1.34851,1.44292,0.45393,0.78153,0.48304,0.33269,1.17788,1.34804,1.54437,0.004852,0.004852,0.004852
28,751.067,1.16451,1.25882,1.39973,0.46716,0.79399,0.48559,0.33939,1.13916,1.32287,1.53791,0.004654,0.004654,0.004654
29,776.988,1.17628,1.32901,1.41321,0.45838,0.7736,0.46889,0.3088,1.20871,1.34938,1.57905,0.004456,0.004456,0.004456
30,802.491,1.21612,1.29384,1.45352,0.45928,0.78359,0.46615,0.30616,1.21676,1.37863,1.60803,0.004258,0.004258,0.004258
31,827.892,1.11881,1.22837,1.36376,0.45085,0.83505,0.4869,0.33378,1.14265,1.29305,1.55221,0.00406,0.00406,0.00406
32,853.642,1.16085,1.24469,1.38334,0.44932,0.77465,0.47576,0.31827,1.16075,1.29348,1.55303,0.003862,0.003862,0.003862
33,879.656,1.1149,1.22984,1.39541,0.47355,0.8117,0.48526,0.33376,1.18245,1.27711,1.59101,0.003664,0.003664,0.003664
34,905.17,1.15374,1.25566,1.38537,0.45037,0.82461,0.49646,0.34516,1.08654,1.25956,1.49312,0.003466,0.003466,0.003466
35,930.821,1.11108,1.26259,1.31433,0.46591,0.74174,0.48188,0.3322,1.13858,1.2898,1.5348,0.003268,0.003268,0.003268
36,956.565,1.13254,1.23155,1.38073,0.4655,0.82305,0.50069,0.3447,1.14363,1.24772,1.55339,0.00307,0.00307,0.00307
37,982.14,1.08171,1.21333,1.32802,0.45437,0.78939,0.47361,0.33332,1.15423,1.31549,1.54985,0.002872,0.002872,0.002872
38,1007.72,1.0853,1.20257,1.33862,0.46756,0.85862,0.50049,0.36467,1.06982,1.17964,1.47552,0.002674,0.002674,0.002674
39,1033.65,1.09986,1.24247,1.35879,0.46947,0.76531,0.48278,0.34202,1.12693,1.28986,1.51971,0.002476,0.002476,0.002476
40,1059.44,1.0323,1.15427,1.28993,0.47576,0.79778,0.49954,0.35733,1.10002,1.21358,1.49453,0.002278,0.002278,0.002278
41,1086.43,1.0138,1.14231,1.36388,0.47629,0.78303,0.50444,0.35834,1.09717,1.23913,1.49485,0.00208,0.00208,0.00208
42,1112.69,1.01455,1.13761,1.38225,0.4682,0.86769,0.51419,0.36314,1.0743,1.17064,1.50175,0.001882,0.001882,0.001882
43,1138.96,0.99731,1.11,1.33495,0.48225,0.82454,0.50767,0.34646,1.10601,1.15754,1.50285,0.001684,0.001684,0.001684
44,1166.22,1.00297,1.08965,1.36286,0.46883,0.83039,0.5075,0.35349,1.10825,1.16457,1.50385,0.001486,0.001486,0.001486
45,1193.38,0.97668,1.09903,1.35098,0.46648,0.84183,0.50849,0.35824,1.07026,1.16801,1.48064,0.001288,0.001288,0.001288
46,1219.78,0.97764,1.0667,1.33047,0.46855,0.83199,0.4952,0.34875,1.09017,1.17742,1.48936,0.00109,0.00109,0.00109
47,1245.68,0.94218,1.07751,1.29242,0.47123,0.84509,0.5053,0.35456,1.0614,1.15751,1.46431,0.000892,0.000892,0.000892
48,1271.6,0.92663,1.05562,1.29512,0.48072,0.84084,0.51599,0.36506,1.05711,1.13014,1.47016,0.000694,0.000694,0.000694
49,1297.9,0.93309,1.0481,1.28958,0.47631,0.86471,0.51858,0.37318,1.05262,1.12294,1.46933,0.000496,0.000496,0.000496
50,1323.93,0.90389,1.04487,1.26813,0.47966,0.87582,0.5153,0.37084,1.04851,1.12293,1.46909,0.000298,0.000298,0.000298
